merchant,brand,name,merchant_reference,manufacturer_reference,variant,price_eur,availability,source_url
GACD,ZIRC,TUB A MATERIAUX BLEU FONCE,201-270,20Z463T,BLEU FONCÉ,42.4,En stock,https://www.gacd.fr/tub-a-materiaux-chapeau.html
GACD,ZIRC,TUB A MATERIAUX NEON ROSE,204-920,20Z463S,ROSE NEON,42.4,En réapprovisionnement,https://www.gacd.fr/tub-a-materiaux-chapeau.html
GACD,ZIRC,TUB A MATERIAUX BLANC,211-476,20Z463A,BLANC,42.4,En stock,https://www.gacd.fr/tub-a-materiaux-chapeau.html
GACD,ZIRC,TUB A MATERIAUX NEON BLEU,204-783,20Z463N,BLEU NEON,42.4,Sur commande,https://www.gacd.fr/tub-a-materiaux-chapeau.html
GACD,ZIRC,TUB A MATERIAUX NEON VERT,204-912,20Z463P,VERT NEON,,Sur commande,https://www.gacd.fr/tub-a-materiaux-chapeau.html
GACD,ZIRC,TUB A MATERIAUX NEON ORANGE,204-913,20Z463Q,ORANGE NEON,42.4,Sur commande,https://www.gacd.fr/tub-a-materiaux-chapeau.html
GACD,ZIRC,TUB A MATERIAUX TURQUOISE,204-914,20Z463J,TURQUOISE,42.4,Sur commande,https://www.gacd.fr/tub-a-materiaux-chapeau.html
GACD,ZIRC,TUB A MATERIAUX VIOLET,205-422,20Z463R,VIOLET,42.4,Sur commande,https://www.gacd.fr/tub-a-materiaux-chapeau.html
GACD,ZIRC,TUB A MATERIAUX BLEU,205-672,20Z463B,BLEU,42.4,En stock,https://www.gacd.fr/tub-a-materiaux-chapeau.html
GACD,ZIRC,TUB A MATERIAUX VERT,205-673,20Z463D,VERT,42.4,Sur commande,https://www.gacd.fr/tub-a-materiaux-chapeau.html
GACD,ZIRC,TUB A MATERIAUX PRUNE,215-960,20Z463E,PRUNE,42.4,Sur commande,https://www.gacd.fr/tub-a-materiaux-chapeau.html
GACD,GC,Tooth Mousse Goût Tutti frutti - 10 tubes de 40g,95-0287,462523,Tuttifrutti,156.46,En stock,https://www.gacd.fr/tooth-mousse-tubes-10-chapeau.html
GACD,GC,Tooth Mousse Goût fraise - 10 tubes de 40g,95-0288,002520,Fraise,156.46,En stock,https://www.gacd.fr/tooth-mousse-tubes-10-chapeau.html
GACD,GC,Tooth Mousse Goût menthe - 10 tubes de 40g,95-0289,462522,Menthe,156.46,En stock,https://www.gacd.fr/tooth-mousse-tubes-10-chapeau.html
GACD,GC,Tooth Mousse - 10 tube assortis,201-153,462032,Goûts assortis,156.46,En stock,https://www.gacd.fr/tooth-mousse-tubes-10-chapeau.html
GACD,GC,Tooth Mousse Goût Melon - 10 tubes de 40g,218-521,462521,Melon,156.46,Sur commande,https://www.gacd.fr/tooth-mousse-tubes-10-chapeau.html
GACD,GC,Tooth Mousse Goût vanille - 10 tubes,204-888,462270,Vanille,156.46,En stock,https://www.gacd.fr/tooth-mousse-tubes-10-chapeau.html
GACD,GC,Unifast III - Flacon de 35 g de poudre teinte A2,13-353,002658,A2,36.12,En stock,https://www.gacd.fr/article-2003867-unifast-iii.html
GACD,GC,Unifast III - Flacon de 35 g de poudre teinte A3,13-354,002659,A3,36.12,En stock,https://www.gacd.fr/article-2003867-unifast-iii.html
GACD,GC,"Unifast III - Flacon de 35 g de poudre teinte A3,5",CS-3091,002660,"A3,5",36.12,En stock,https://www.gacd.fr/article-2003867-unifast-iii.html
GACD,GC,Unifast III - Flacon de 35 g de poudre teinte Transparent,CS-5362,002664,Transparent,36.12,En stock,https://www.gacd.fr/article-2003867-unifast-iii.html
GACD,GC,Unifast III - Flacon de 35 g de poudre teinte Rose Veinée,94-365,002666,Rose veiné,36.12,En stock,https://www.gacd.fr/article-2003867-unifast-iii.html
GACD,GC,Unifast III - Flacon de 35 g de poudre teinte Pink,CS-3754,002665,Pink,36.12,En stock,https://www.gacd.fr/article-2003867-unifast-iii.html
GACD,GC,Unifast III - Flacon de 35 g de poudre teinte E3,95-0245,002662,E3,36.12,Sur commande,https://www.gacd.fr/article-2003867-unifast-iii.html
GACD,GC,Unifast III - Flacon de 35 g de poudre teinte A1,102-43109,002657,A1,36.12,Sur commande,https://www.gacd.fr/article-2003867-unifast-iii.html
GACD,AESCULAP,Curettes - Curette DO651R,11-104,DO651R,,63.5,Sur commande,https://www.gacd.fr/catalog/product/view/id/7370
GACD,ZIRC,TUB A MATERIAUX COMPLET TURQUOISE,201-271,20Z455J,TURQUOISE,138.81,Sur commande,https://www.gacd.fr/tub-a-materiaux-complet-chapeau.html
GACD,ZIRC,TUB A MATERIAUX COMPLET BLEU FONCE,206-749,20Z455T,BLEU FONCÉ,138.81,Sur commande,https://www.gacd.fr/tub-a-materiaux-complet-chapeau.html
GACD,ZIRC,TUB A MATERIAUX COMPLET MARRON,206-734,20Z455U,MARRON,138.81,Sur commande,https://www.gacd.fr/tub-a-materiaux-complet-chapeau.html
GACD,GC,Unifast III teinte A2 - Flacon de 100 g de poudre,13-355,002668,A2,86.66,En stock,https://www.gacd.fr/article-2003865-unifast-iii.html
GACD,LCH,Gants Nitrile LCH Non Poudré L - 8/9 - Boîte de 100,108-11401,29421,L - 8/9,9.74,Sur commande,https://www.gacd.fr/article-3027661-gants-en-nitrile-nitriskin.html
GACD,LCH,Gants Nitrile LCH Non Poudré M - 7/8 - Boîte de 100,108-11402,29420,M - 7/8,9.74,En stock,https://www.gacd.fr/article-3027661-gants-en-nitrile-nitriskin.html
GACD,LCH,Gants Nitrile LCH Non Poudré S - 6/7 - Boîte de 100,108-11403,29419,S - 6/7,,,https://www.gacd.fr/article-3027661-gants-en-nitrile-nitriskin.html
GACD,GC,UNIFAST III POUDRE TEINTE A2 (300G),13-357,002678,A2,226.22,En stock,https://www.gacd.fr/article-2003866-unifast-iii.html
GACD,GC,UNIFAST III POUDRE TEINTE A3 (300G),13-358,002679,A3,230.86,En stock,https://www.gacd.fr/article-2003866-unifast-iii.html
GACD,GC,Unifast III - Flacon de 104 ml de liquide,13-359,002652,,77.73,En stock,https://www.gacd.fr/article-0280868-unifast-iii.html
GACD,GC,Unifast III - Flacon de 260 ml de liquide,13-360,002653,,137.49,En stock,https://www.gacd.fr/article-0280879-unifast-iii.html
GACD,GC,Unifast III - L'intro pack,13-352,002650,,149.8,En stock,https://www.gacd.fr/article-0280630-unifast-iii.html
